{
    "sliding_transcript_1.json": {
        "start": 0.0,
        "end": 59.97999954223633
    },
    "sliding_transcript_2.json": {
        "start": 11.15999984741211,
        "end": 59.97999954223633
    }
}